{
  "Component-dbg.js": 1602171983000,
  "controller/View1.controller.js": 1602248360848,
  "model/models.js": 1602171983000,
  "manifest.json": 1602248499639,
  "Component.js": 1602171983000,
  "manifest-bundle.zip": 1602248499377,
  "Component-preload.js": 1602248499611,
  "i18n/i18n.properties": 1602171983000,
  "controller/View1-dbg.controller.js": 1602248360848,
  "model/models-dbg.js": 1602171983000,
  "resources.json": 1602248499642,
  "view/View1.view.xml": 1602248451017,
  "css/style.css": 1602171983000,
  "index.html": 1602171983000
}